{"id": "109b8d41-8713-4bac-aea7-7a53b1cf44c2", "time": 2.2181358337402344, "n": 1038, "true_positives": 11, "false_positives": 7, "true_negatives": 969, "false_negatives": 51, "accuracy": 0.9441233140655106, "detection_rate": 0.1774193548387097, "false_positive_rate": 0.007172131147540984}