{"id": "3744063b-7bce-4509-8a47-f62ba3f0c728", "time": 2.267728090286255, "n": 1041, "true_positives": 19, "false_positives": 2, "true_negatives": 928, "false_negatives": 92, "accuracy": 0.909702209414025, "detection_rate": 0.17117117117117117, "false_positive_rate": 0.002150537634408602}