{"id": "5c87bef7-227c-4079-937f-f846d6028768", "time": 0.9875750541687012, "n": 1034, "true_positives": 11, "false_positives": 3, "true_negatives": 863, "false_negatives": 157, "accuracy": 0.8452611218568665, "detection_rate": 0.06547619047619048, "false_positive_rate": 0.003464203233256351}