{"id": "78d7f1a6-6206-47b1-a036-dd96e68ce24e", "time": 7.67503809928894, "n": 1040, "true_positives": 15, "false_positives": 5, "true_negatives": 918, "false_negatives": 102, "accuracy": 0.8971153846153846, "detection_rate": 0.1282051282051282, "false_positive_rate": 0.005417118093174431}