{"id": "a248dfdf-93da-47b6-ad88-ab3e60da9251", "time": 0.9640271663665771, "n": 1002, "true_positives": 32, "false_positives": 1, "true_negatives": 765, "false_negatives": 204, "accuracy": 0.7954091816367266, "detection_rate": 0.13559322033898305, "false_positive_rate": 0.0013054830287206266}