{"id": "c846ec50-ae5f-4426-8ee2-b76702de3dcd", "time": 0.9967260360717773, "n": 1040, "true_positives": 16, "false_positives": 4, "true_negatives": 816, "false_negatives": 204, "accuracy": 0.8, "detection_rate": 0.07272727272727272, "false_positive_rate": 0.004878048780487805}