{"id": "cbbe58ad-172e-4e73-ae80-87cfa4ebb24a", "time": 1.0240108966827393, "n": 1041, "true_positives": 17, "false_positives": 4, "true_negatives": 765, "false_negatives": 255, "accuracy": 0.7512007684918348, "detection_rate": 0.0625, "false_positive_rate": 0.005201560468140442}