{"id": "ce8591e0-6cd0-4d25-a6cc-307b287b6471", "time": 2.4215140342712402, "n": 1034, "true_positives": 11, "false_positives": 3, "true_negatives": 964, "false_negatives": 56, "accuracy": 0.9429400386847195, "detection_rate": 0.16417910447761194, "false_positive_rate": 0.0031023784901758012}