{"id": "fe5d9822-7498-49a4-9f36-169811f4a570", "time": 2.307063102722168, "n": 1044, "true_positives": 17, "false_positives": 7, "true_negatives": 765, "false_negatives": 255, "accuracy": 0.7490421455938697, "detection_rate": 0.0625, "false_positive_rate": 0.009067357512953367}