{"id": "12116438-de9b-4a8a-ad7c-5e243d020120", "time": 2.4113857746124268, "n": 2546, "true_positives": 22, "false_positives": 25, "true_negatives": 1462, "false_negatives": 1037, "accuracy": 0.5828750981932443, "detection_rate": 0.02077431539187913, "false_positive_rate": 0.016812373907195696}