{"id": "1b6a8e8c-5317-4551-8e12-5c079eb9e2c2", "time": 2.2692227363586426, "n": 2542, "true_positives": 23, "false_positives": 20, "true_negatives": 1590, "false_negatives": 909, "accuracy": 0.6345397324940991, "detection_rate": 0.02467811158798283, "false_positive_rate": 0.012422360248447204}