{"id": "4dd3d207-87ed-4797-a6c2-be7eed64811c", "time": 2.365086793899536, "n": 2528, "true_positives": 16, "false_positives": 13, "true_negatives": 1377, "false_negatives": 1122, "accuracy": 0.5510284810126582, "detection_rate": 0.014059753954305799, "false_positive_rate": 0.00935251798561151}