{"id": "a23ed1a3-1d5e-44d6-b463-7f64cfb03618", "time": 2.422443151473999, "n": 2506, "true_positives": 27, "false_positives": 31, "true_negatives": 1270, "false_negatives": 1178, "accuracy": 0.5175578611332802, "detection_rate": 0.022406639004149378, "false_positive_rate": 0.02382782475019216}