{"id": "af17eea9-de70-4666-a001-5269ca166081", "time": 2.492737054824829, "n": 2548, "true_positives": 34, "false_positives": 15, "true_negatives": 1479, "false_negatives": 1020, "accuracy": 0.5937990580847724, "detection_rate": 0.03225806451612903, "false_positive_rate": 0.010040160642570281}