{"id": "b816a06d-16c5-4907-bdeb-3dc54b51e5aa", "time": 2.3662967681884766, "n": 2507, "true_positives": 44, "false_positives": 15, "true_negatives": 1479, "false_negatives": 969, "accuracy": 0.6074990027921819, "detection_rate": 0.04343534057255676, "false_positive_rate": 0.010040160642570281}