{"id": "e210d6b9-cbb6-44c0-931a-16d3b4ae84fb", "time": 2.541858673095703, "n": 2535, "true_positives": 24, "false_positives": 12, "true_negatives": 1345, "false_negatives": 1154, "accuracy": 0.5400394477317554, "detection_rate": 0.02037351443123939, "false_positive_rate": 0.008843036109064112}