{"id": "f11075d8-8f39-4739-8159-f9ba6c6db730", "time": 2.3652899265289307, "n": 2506, "true_positives": 48, "false_positives": 10, "true_negatives": 1989, "false_negatives": 459, "accuracy": 0.8128491620111732, "detection_rate": 0.09467455621301775, "false_positive_rate": 0.0050025012506253125}