{"id": "07ff7f35-49c0-4f3c-a588-edf9c91ca045", "time": 2.328418016433716, "n": 2500, "true_positives": 28, "false_positives": 24, "true_negatives": 1533, "false_negatives": 915, "accuracy": 0.6244, "detection_rate": 0.029692470837751856, "false_positive_rate": 0.015414258188824663}