{"id": "0c8999a2-0278-4971-acd9-6a2a55f9f43e", "time": 4.735445022583008, "n": 5002, "true_positives": 41, "false_positives": 65, "true_negatives": 2384, "false_negatives": 2512, "accuracy": 0.4848060775689724, "detection_rate": 0.016059537798668234, "false_positive_rate": 0.026541445487954268}