{"id": "14d6930c-1fa8-4805-a3b0-9b4f52067412", "time": 4.713808059692383, "n": 5049, "true_positives": 43, "false_positives": 59, "true_negatives": 2499, "false_negatives": 2448, "accuracy": 0.5034660328777976, "detection_rate": 0.017262143717382578, "false_positive_rate": 0.023064894448788117}