{"id": "1aaf88f4-eb7e-4fc1-8af3-81415eb2ac08", "time": 2.5016629695892334, "n": 1036, "true_positives": 13, "false_positives": 3, "true_negatives": 969, "false_negatives": 51, "accuracy": 0.9478764478764479, "detection_rate": 0.203125, "false_positive_rate": 0.0030864197530864196}