{"id": "42540933-2a9e-4ab9-82cc-9c0dec26bdaf", "time": 4.807404041290283, "n": 5008, "true_positives": 38, "false_positives": 74, "true_negatives": 1804, "false_negatives": 3092, "accuracy": 0.3678115015974441, "detection_rate": 0.012140575079872205, "false_positive_rate": 0.039403620873269436}