{"id": "4b1af36d-1103-487c-9195-df8dc6655ec1", "time": 2.350477933883667, "n": 2536, "true_positives": 25, "false_positives": 12, "true_negatives": 1586, "false_negatives": 913, "accuracy": 0.6352523659305994, "detection_rate": 0.026652452025586353, "false_positive_rate": 0.007509386733416771}