{"id": "50054134-9ebe-44e3-b5c8-82bcf726274e", "time": 4.719829082489014, "n": 5015, "true_positives": 6, "false_positives": 113, "true_negatives": 102, "false_negatives": 4794, "accuracy": 0.021535393818544368, "detection_rate": 0.00125, "false_positive_rate": 0.5255813953488372}