{"id": "7088ddf3-25c4-4e4c-a523-464af2b12590", "time": 4.781078100204468, "n": 5019, "true_positives": 25, "false_positives": 47, "true_negatives": 2650, "false_negatives": 2297, "accuracy": 0.5329746961546125, "detection_rate": 0.010766580534022395, "false_positive_rate": 0.017426770485724878}