{"id": "8b5fe9f3-b646-41d0-babf-581cd1d75574", "time": 4.785639047622681, "n": 5030, "true_positives": 37, "false_positives": 46, "true_negatives": 2244, "false_negatives": 2703, "accuracy": 0.4534791252485089, "detection_rate": 0.013503649635036497, "false_positive_rate": 0.020087336244541485}