{"id": "1e96311a-691c-4444-865d-72d175d3d146", "time": 4.8899619579315186, "n": 5039, "true_positives": 45, "false_positives": 47, "true_negatives": 2732, "false_negatives": 2215, "accuracy": 0.5511014090097242, "detection_rate": 0.01991150442477876, "false_positive_rate": 0.01691255847427132}