{"id": "7a904c89-9cdc-48bf-bb37-d688c1627680", "time": 4.6886820793151855, "n": 5003, "true_positives": 44, "false_positives": 63, "true_negatives": 1849, "false_negatives": 3047, "accuracy": 0.37837297621427146, "detection_rate": 0.014234875444839857, "false_positive_rate": 0.03294979079497908}