{"id": "97d95a47-3602-45d5-9d69-f1a00e99e9e9", "time": 4.8732359409332275, "n": 5039, "true_positives": 4, "false_positives": 88, "true_negatives": 306, "false_negatives": 4641, "accuracy": 0.06152014288549315, "detection_rate": 0.000861141011840689, "false_positive_rate": 0.2233502538071066}