{"id": "a42c30c9-196d-4f27-ae59-bfb709d945b4", "time": 4.703715085983276, "n": 5047, "true_positives": 39, "false_positives": 61, "true_negatives": 2293, "false_negatives": 2654, "accuracy": 0.462056667327125, "detection_rate": 0.014481990345339769, "false_positive_rate": 0.025913338997451147}